<annotation>
	<folder>imgs2020</folder>
	<filename>EX50_1555069823993-EX50.jpg</filename>
	<path>C:\Users\admin\Desktop\windows_LabelImg_v1.6.0\imgs2020\EX50_1555069823993-EX50.jpg</path>
	<source>
		<database>Unknown</database>
	</source>
	<size>
		<width>102</width>
		<height>30</height>
		<depth>3</depth>
	</size>
	<segmented>0</segmented>
	<object>
		<name>E</name>
		<pose>Unspecified</pose>
		<truncated>1</truncated>
		<difficult>0</difficult>
		<bndbox>
			<xmin>1</xmin>
			<ymin>6</ymin>
			<xmax>19</xmax>
			<ymax>29</ymax>
		</bndbox>
	</object>
	<object>
		<name>X</name>
		<pose>Unspecified</pose>
		<truncated>0</truncated>
		<difficult>0</difficult>
		<bndbox>
			<xmin>17</xmin>
			<ymin>3</ymin>
			<xmax>34</xmax>
			<ymax>27</ymax>
		</bndbox>
	</object>
	<object>
		<name>5</name>
		<pose>Unspecified</pose>
		<truncated>0</truncated>
		<difficult>0</difficult>
		<bndbox>
			<xmin>54</xmin>
			<ymin>3</ymin>
			<xmax>70</xmax>
			<ymax>25</ymax>
		</bndbox>
	</object>
	<object>
		<name>0</name>
		<pose>Unspecified</pose>
		<truncated>0</truncated>
		<difficult>0</difficult>
		<bndbox>
			<xmin>69</xmin>
			<ymin>2</ymin>
			<xmax>84</xmax>
			<ymax>25</ymax>
		</bndbox>
	</object>
</annotation>
