<annotation>
	<folder>imgs2020</folder>
	<filename>EX919_1558263049039-EX919.jpg</filename>
	<path>C:\Users\admin\Desktop\windows_LabelImg_v1.6.0\imgs2020\EX919_1558263049039-EX919.jpg</path>
	<source>
		<database>Unknown</database>
	</source>
	<size>
		<width>128</width>
		<height>38</height>
		<depth>3</depth>
	</size>
	<segmented>0</segmented>
	<object>
		<name>E</name>
		<pose>Unspecified</pose>
		<truncated>0</truncated>
		<difficult>0</difficult>
		<bndbox>
			<xmin>17</xmin>
			<ymin>9</ymin>
			<xmax>36</xmax>
			<ymax>34</ymax>
		</bndbox>
	</object>
	<object>
		<name>X</name>
		<pose>Unspecified</pose>
		<truncated>0</truncated>
		<difficult>0</difficult>
		<bndbox>
			<xmin>34</xmin>
			<ymin>8</ymin>
			<xmax>53</xmax>
			<ymax>33</ymax>
		</bndbox>
	</object>
	<object>
		<name>9</name>
		<pose>Unspecified</pose>
		<truncated>0</truncated>
		<difficult>0</difficult>
		<bndbox>
			<xmin>62</xmin>
			<ymin>7</ymin>
			<xmax>80</xmax>
			<ymax>31</ymax>
		</bndbox>
	</object>
	<object>
		<name>1</name>
		<pose>Unspecified</pose>
		<truncated>0</truncated>
		<difficult>0</difficult>
		<bndbox>
			<xmin>79</xmin>
			<ymin>5</ymin>
			<xmax>94</xmax>
			<ymax>29</ymax>
		</bndbox>
	</object>
	<object>
		<name>9</name>
		<pose>Unspecified</pose>
		<truncated>0</truncated>
		<difficult>0</difficult>
		<bndbox>
			<xmin>95</xmin>
			<ymin>4</ymin>
			<xmax>111</xmax>
			<ymax>28</ymax>
		</bndbox>
	</object>
</annotation>
