<annotation>
	<folder>imgs2020</folder>
	<filename>G0106_M2551.jpg</filename>
	<path>C:\Users\admin\Desktop\windows_LabelImg_v1.6.0\imgs2020\G0106_M2551.jpg</path>
	<source>
		<database>Unknown</database>
	</source>
	<size>
		<width>147</width>
		<height>49</height>
		<depth>3</depth>
	</size>
	<segmented>0</segmented>
	<object>
		<name>M</name>
		<pose>Unspecified</pose>
		<truncated>0</truncated>
		<difficult>0</difficult>
		<bndbox>
			<xmin>8</xmin>
			<ymin>20</ymin>
			<xmax>30</xmax>
			<ymax>48</ymax>
		</bndbox>
	</object>
	<object>
		<name>2</name>
		<pose>Unspecified</pose>
		<truncated>0</truncated>
		<difficult>0</difficult>
		<bndbox>
			<xmin>42</xmin>
			<ymin>14</ymin>
			<xmax>64</xmax>
			<ymax>43</ymax>
		</bndbox>
	</object>
	<object>
		<name>5</name>
		<pose>Unspecified</pose>
		<truncated>0</truncated>
		<difficult>0</difficult>
		<bndbox>
			<xmin>62</xmin>
			<ymin>10</ymin>
			<xmax>84</xmax>
			<ymax>39</ymax>
		</bndbox>
	</object>
	<object>
		<name>5</name>
		<pose>Unspecified</pose>
		<truncated>0</truncated>
		<difficult>0</difficult>
		<bndbox>
			<xmin>97</xmin>
			<ymin>4</ymin>
			<xmax>117</xmax>
			<ymax>32</ymax>
		</bndbox>
	</object>
	<object>
		<name>1</name>
		<pose>Unspecified</pose>
		<truncated>1</truncated>
		<difficult>0</difficult>
		<bndbox>
			<xmin>118</xmin>
			<ymin>1</ymin>
			<xmax>136</xmax>
			<ymax>27</ymax>
		</bndbox>
	</object>
</annotation>
