<annotation>
	<folder>imgs2020</folder>
	<filename>G0106_MY3635.jpg</filename>
	<path>C:\Users\admin\Desktop\windows_LabelImg_v1.6.0\imgs2020\G0106_MY3635.jpg</path>
	<source>
		<database>Unknown</database>
	</source>
	<size>
		<width>241</width>
		<height>99</height>
		<depth>3</depth>
	</size>
	<segmented>0</segmented>
	<object>
		<name>M</name>
		<pose>Unspecified</pose>
		<truncated>0</truncated>
		<difficult>0</difficult>
		<bndbox>
			<xmin>4</xmin>
			<ymin>32</ymin>
			<xmax>44</xmax>
			<ymax>93</ymax>
		</bndbox>
	</object>
	<object>
		<name>Y</name>
		<pose>Unspecified</pose>
		<truncated>0</truncated>
		<difficult>0</difficult>
		<bndbox>
			<xmin>41</xmin>
			<ymin>27</ymin>
			<xmax>75</xmax>
			<ymax>86</ymax>
		</bndbox>
	</object>
	<object>
		<name>3</name>
		<pose>Unspecified</pose>
		<truncated>0</truncated>
		<difficult>0</difficult>
		<bndbox>
			<xmin>90</xmin>
			<ymin>18</ymin>
			<xmax>124</xmax>
			<ymax>78</ymax>
		</bndbox>
	</object>
	<object>
		<name>6</name>
		<pose>Unspecified</pose>
		<truncated>0</truncated>
		<difficult>0</difficult>
		<bndbox>
			<xmin>123</xmin>
			<ymin>14</ymin>
			<xmax>158</xmax>
			<ymax>75</ymax>
		</bndbox>
	</object>
	<object>
		<name>3</name>
		<pose>Unspecified</pose>
		<truncated>0</truncated>
		<difficult>0</difficult>
		<bndbox>
			<xmin>169</xmin>
			<ymin>5</ymin>
			<xmax>200</xmax>
			<ymax>66</ymax>
		</bndbox>
	</object>
	<object>
		<name>5</name>
		<pose>Unspecified</pose>
		<truncated>1</truncated>
		<difficult>0</difficult>
		<bndbox>
			<xmin>198</xmin>
			<ymin>1</ymin>
			<xmax>230</xmax>
			<ymax>61</ymax>
		</bndbox>
	</object>
</annotation>
