<annotation>
	<folder>imgs2020</folder>
	<filename>G0106_MQ6422.jpg</filename>
	<path>C:\Users\admin\Desktop\windows_LabelImg_v1.6.0\imgs2020\G0106_MQ6422.jpg</path>
	<source>
		<database>Unknown</database>
	</source>
	<size>
		<width>513</width>
		<height>109</height>
		<depth>3</depth>
	</size>
	<segmented>0</segmented>
	<object>
		<name>M</name>
		<pose>Unspecified</pose>
		<truncated>0</truncated>
		<difficult>0</difficult>
		<bndbox>
			<xmin>8</xmin>
			<ymin>9</ymin>
			<xmax>80</xmax>
			<ymax>102</ymax>
		</bndbox>
	</object>
	<object>
		<name>Q</name>
		<pose>Unspecified</pose>
		<truncated>0</truncated>
		<difficult>0</difficult>
		<bndbox>
			<xmin>81</xmin>
			<ymin>10</ymin>
			<xmax>152</xmax>
			<ymax>102</ymax>
		</bndbox>
	</object>
	<object>
		<name>6</name>
		<pose>Unspecified</pose>
		<truncated>0</truncated>
		<difficult>0</difficult>
		<bndbox>
			<xmin>186</xmin>
			<ymin>11</ymin>
			<xmax>260</xmax>
			<ymax>105</ymax>
		</bndbox>
	</object>
	<object>
		<name>4</name>
		<pose>Unspecified</pose>
		<truncated>0</truncated>
		<difficult>0</difficult>
		<bndbox>
			<xmin>258</xmin>
			<ymin>7</ymin>
			<xmax>328</xmax>
			<ymax>103</ymax>
		</bndbox>
	</object>
	<object>
		<name>2</name>
		<pose>Unspecified</pose>
		<truncated>0</truncated>
		<difficult>0</difficult>
		<bndbox>
			<xmin>365</xmin>
			<ymin>9</ymin>
			<xmax>436</xmax>
			<ymax>103</ymax>
		</bndbox>
	</object>
	<object>
		<name>2</name>
		<pose>Unspecified</pose>
		<truncated>0</truncated>
		<difficult>0</difficult>
		<bndbox>
			<xmin>435</xmin>
			<ymin>7</ymin>
			<xmax>509</xmax>
			<ymax>103</ymax>
		</bndbox>
	</object>
</annotation>
