<annotation>
	<folder>imgs2020</folder>
	<filename>G0106_MW5191.jpg</filename>
	<path>C:\Users\admin\Desktop\windows_LabelImg_v1.6.0\imgs2020\G0106_MW5191.jpg</path>
	<source>
		<database>Unknown</database>
	</source>
	<size>
		<width>184</width>
		<height>64</height>
		<depth>3</depth>
	</size>
	<segmented>0</segmented>
	<object>
		<name>M</name>
		<pose>Unspecified</pose>
		<truncated>0</truncated>
		<difficult>0</difficult>
		<bndbox>
			<xmin>8</xmin>
			<ymin>8</ymin>
			<xmax>32</xmax>
			<ymax>41</ymax>
		</bndbox>
	</object>
	<object>
		<name>W</name>
		<pose>Unspecified</pose>
		<truncated>0</truncated>
		<difficult>0</difficult>
		<bndbox>
			<xmin>33</xmin>
			<ymin>9</ymin>
			<xmax>55</xmax>
			<ymax>44</ymax>
		</bndbox>
	</object>
	<object>
		<name>5</name>
		<pose>Unspecified</pose>
		<truncated>0</truncated>
		<difficult>0</difficult>
		<bndbox>
			<xmin>70</xmin>
			<ymin>14</ymin>
			<xmax>91</xmax>
			<ymax>47</ymax>
		</bndbox>
	</object>
	<object>
		<name>1</name>
		<pose>Unspecified</pose>
		<truncated>0</truncated>
		<difficult>0</difficult>
		<bndbox>
			<xmin>91</xmin>
			<ymin>19</ymin>
			<xmax>114</xmax>
			<ymax>50</ymax>
		</bndbox>
	</object>
	<object>
		<name>9</name>
		<pose>Unspecified</pose>
		<truncated>0</truncated>
		<difficult>0</difficult>
		<bndbox>
			<xmin>130</xmin>
			<ymin>22</ymin>
			<xmax>154</xmax>
			<ymax>54</ymax>
		</bndbox>
	</object>
	<object>
		<name>1</name>
		<pose>Unspecified</pose>
		<truncated>0</truncated>
		<difficult>0</difficult>
		<bndbox>
			<xmin>152</xmin>
			<ymin>23</ymin>
			<xmax>173</xmax>
			<ymax>57</ymax>
		</bndbox>
	</object>
</annotation>
