<annotation>
	<folder>08</folder>
	<filename>G1026_MK8246.jpg</filename>
	<path>C:\Users\wangbingshu\Desktop\windows_LabelImg_v1.6.0\train\08\G1026_MK8246.jpg</path>
	<source>
		<database>Unknown</database>
	</source>
	<size>
		<width>256</width>
		<height>128</height>
		<depth>3</depth>
	</size>
	<segmented>0</segmented>
	<object>
		<name>M</name>
		<pose>Unspecified</pose>
		<truncated>0</truncated>
		<difficult>0</difficult>
		<bndbox>
			<xmin>83</xmin>
			<ymin>11</ymin>
			<xmax>129</xmax>
			<ymax>65</ymax>
		</bndbox>
	</object>
	<object>
		<name>K</name>
		<pose>Unspecified</pose>
		<truncated>0</truncated>
		<difficult>0</difficult>
		<bndbox>
			<xmin>129</xmin>
			<ymin>11</ymin>
			<xmax>174</xmax>
			<ymax>64</ymax>
		</bndbox>
	</object>
	<object>
		<name>8</name>
		<pose>Unspecified</pose>
		<truncated>0</truncated>
		<difficult>0</difficult>
		<bndbox>
			<xmin>26</xmin>
			<ymin>67</ymin>
			<xmax>71</xmax>
			<ymax>121</ymax>
		</bndbox>
	</object>
	<object>
		<name>2</name>
		<pose>Unspecified</pose>
		<truncated>0</truncated>
		<difficult>0</difficult>
		<bndbox>
			<xmin>70</xmin>
			<ymin>67</ymin>
			<xmax>118</xmax>
			<ymax>120</ymax>
		</bndbox>
	</object>
	<object>
		<name>4</name>
		<pose>Unspecified</pose>
		<truncated>0</truncated>
		<difficult>0</difficult>
		<bndbox>
			<xmin>147</xmin>
			<ymin>61</ymin>
			<xmax>193</xmax>
			<ymax>114</ymax>
		</bndbox>
	</object>
	<object>
		<name>6</name>
		<pose>Unspecified</pose>
		<truncated>0</truncated>
		<difficult>0</difficult>
		<bndbox>
			<xmin>193</xmin>
			<ymin>60</ymin>
			<xmax>240</xmax>
			<ymax>116</ymax>
		</bndbox>
	</object>
</annotation>
