<annotation>
	<folder>08</folder>
	<filename>G1044_MT3328.jpg</filename>
	<path>C:\Users\wangbingshu\Desktop\windows_LabelImg_v1.6.0\train\08\G1044_MT3328.jpg</path>
	<source>
		<database>Unknown</database>
	</source>
	<size>
		<width>320</width>
		<height>64</height>
		<depth>3</depth>
	</size>
	<segmented>0</segmented>
	<object>
		<name>M</name>
		<pose>Unspecified</pose>
		<truncated>0</truncated>
		<difficult>0</difficult>
		<bndbox>
			<xmin>17</xmin>
			<ymin>11</ymin>
			<xmax>61</xmax>
			<ymax>58</ymax>
		</bndbox>
	</object>
	<object>
		<name>T</name>
		<pose>Unspecified</pose>
		<truncated>0</truncated>
		<difficult>0</difficult>
		<bndbox>
			<xmin>60</xmin>
			<ymin>10</ymin>
			<xmax>104</xmax>
			<ymax>57</ymax>
		</bndbox>
	</object>
	<object>
		<name>3</name>
		<pose>Unspecified</pose>
		<truncated>0</truncated>
		<difficult>0</difficult>
		<bndbox>
			<xmin>131</xmin>
			<ymin>11</ymin>
			<xmax>173</xmax>
			<ymax>57</ymax>
		</bndbox>
	</object>
	<object>
		<name>3</name>
		<pose>Unspecified</pose>
		<truncated>0</truncated>
		<difficult>0</difficult>
		<bndbox>
			<xmin>173</xmin>
			<ymin>11</ymin>
			<xmax>216</xmax>
			<ymax>56</ymax>
		</bndbox>
	</object>
	<object>
		<name>2</name>
		<pose>Unspecified</pose>
		<truncated>0</truncated>
		<difficult>0</difficult>
		<bndbox>
			<xmin>240</xmin>
			<ymin>11</ymin>
			<xmax>282</xmax>
			<ymax>55</ymax>
		</bndbox>
	</object>
	<object>
		<name>8</name>
		<pose>Unspecified</pose>
		<truncated>0</truncated>
		<difficult>0</difficult>
		<bndbox>
			<xmin>282</xmin>
			<ymin>10</ymin>
			<xmax>319</xmax>
			<ymax>56</ymax>
		</bndbox>
	</object>
</annotation>
