<annotation>
	<folder>05</folder>
	<filename>G112_MT7219.jpg</filename>
	<path>C:\Users\admin\Desktop\windows_LabelImg_v1.6.0\train\05\G112_MT7219.jpg</path>
	<source>
		<database>Unknown</database>
	</source>
	<size>
		<width>256</width>
		<height>128</height>
		<depth>3</depth>
	</size>
	<segmented>0</segmented>
	<object>
		<name>M</name>
		<pose>Unspecified</pose>
		<truncated>0</truncated>
		<difficult>0</difficult>
		<bndbox>
			<xmin>71</xmin>
			<ymin>12</ymin>
			<xmax>125</xmax>
			<ymax>66</ymax>
		</bndbox>
	</object>
	<object>
		<name>T</name>
		<pose>Unspecified</pose>
		<truncated>0</truncated>
		<difficult>0</difficult>
		<bndbox>
			<xmin>126</xmin>
			<ymin>11</ymin>
			<xmax>177</xmax>
			<ymax>65</ymax>
		</bndbox>
	</object>
	<object>
		<name>7</name>
		<pose>Unspecified</pose>
		<truncated>1</truncated>
		<difficult>0</difficult>
		<bndbox>
			<xmin>1</xmin>
			<ymin>67</ymin>
			<xmax>50</xmax>
			<ymax>122</ymax>
		</bndbox>
	</object>
	<object>
		<name>2</name>
		<pose>Unspecified</pose>
		<truncated>0</truncated>
		<difficult>0</difficult>
		<bndbox>
			<xmin>48</xmin>
			<ymin>66</ymin>
			<xmax>100</xmax>
			<ymax>121</ymax>
		</bndbox>
	</object>
	<object>
		<name>1</name>
		<pose>Unspecified</pose>
		<truncated>0</truncated>
		<difficult>0</difficult>
		<bndbox>
			<xmin>136</xmin>
			<ymin>66</ymin>
			<xmax>184</xmax>
			<ymax>116</ymax>
		</bndbox>
	</object>
	<object>
		<name>9</name>
		<pose>Unspecified</pose>
		<truncated>0</truncated>
		<difficult>0</difficult>
		<bndbox>
			<xmin>187</xmin>
			<ymin>63</ymin>
			<xmax>238</xmax>
			<ymax>115</ymax>
		</bndbox>
	</object>
</annotation>
