<annotation>
	<folder>09</folder>
	<filename>G1284_ML8107.jpg</filename>
	<path>C:\Users\admin\Desktop\windows_LabelImg_v1.6.0\train\09\G1284_ML8107.jpg</path>
	<source>
		<database>Unknown</database>
	</source>
	<size>
		<width>256</width>
		<height>128</height>
		<depth>3</depth>
	</size>
	<segmented>0</segmented>
	<object>
		<name>M</name>
		<pose>Unspecified</pose>
		<truncated>0</truncated>
		<difficult>0</difficult>
		<bndbox>
			<xmin>82</xmin>
			<ymin>13</ymin>
			<xmax>129</xmax>
			<ymax>62</ymax>
		</bndbox>
	</object>
	<object>
		<name>L</name>
		<pose>Unspecified</pose>
		<truncated>0</truncated>
		<difficult>0</difficult>
		<bndbox>
			<xmin>130</xmin>
			<ymin>13</ymin>
			<xmax>176</xmax>
			<ymax>61</ymax>
		</bndbox>
	</object>
	<object>
		<name>8</name>
		<pose>Unspecified</pose>
		<truncated>0</truncated>
		<difficult>0</difficult>
		<bndbox>
			<xmin>20</xmin>
			<ymin>64</ymin>
			<xmax>69</xmax>
			<ymax>111</ymax>
		</bndbox>
	</object>
	<object>
		<name>1</name>
		<pose>Unspecified</pose>
		<truncated>0</truncated>
		<difficult>0</difficult>
		<bndbox>
			<xmin>70</xmin>
			<ymin>64</ymin>
			<xmax>116</xmax>
			<ymax>110</ymax>
		</bndbox>
	</object>
	<object>
		<name>0</name>
		<pose>Unspecified</pose>
		<truncated>0</truncated>
		<difficult>0</difficult>
		<bndbox>
			<xmin>146</xmin>
			<ymin>60</ymin>
			<xmax>191</xmax>
			<ymax>108</ymax>
		</bndbox>
	</object>
	<object>
		<name>7</name>
		<pose>Unspecified</pose>
		<truncated>0</truncated>
		<difficult>0</difficult>
		<bndbox>
			<xmin>193</xmin>
			<ymin>58</ymin>
			<xmax>238</xmax>
			<ymax>106</ymax>
		</bndbox>
	</object>
</annotation>
